Poco,Channel
1-BRSA-605-SE,TDEP
1-BRSA-605-SE,BS
1-BRSA-605-SE,TENS
1-BRSA-605-SE,SP
1-BRSA-605-SE,GR
1-BRSA-605-SE,NPHI
1-BRSA-605-SE,TIME
1-BRSA-605-SE,IHV
1-BRSA-605-SE,ICV
1-BRSA-605-SE,DT
1-BRSA-605-SE,TDEP
1-BRSA-605-SE,TIME
1-BRSA-605-SE,HCAL
1-BRSA-605-SE,TDEP
1-BRSA-605-SE,AHTCO90
1-BRSA-605-SE,AHF30
1-BRSA-605-SE,TIME
1-BRSA-605-SE,AHF90
1-BRSA-605-SE,TDEP
1-BRSA-605-SE,DSOZ
1-BRSA-605-SE,HDRA
1-BRSA-605-SE,PEFZ
1-BRSA-605-SE,RHOZ
1-BRSA-605-SE,RXOZ
1-BRSA-605-SE,TIME
1-BRSA-605-SE,RSOZ
